time,section,Whisky,Elderberry,Vodka,Almdudler,Wine,Lemon Soda,rainbowX,rainbowY
117463,Queer,0.05,0.4,0.15,0.3,0.0,0.01,400.0,522.0603
188260,Y,0.2,0.0,0.05,0.8,0.0,0.01,240.0,566.55347
388948,Queer,0.05,0.4,0.15,0.3,0.0,0.01,400.0,555.9753
701184,Queer,0.04694748,0.4111725,0.1506607,0.28755033,0.0084350705,0.009999931,404.0,548.7443
919864,Queer,0.033721924,0.47243655,0.15062255,0.22708738,0.067089856,0.009999931,428.0,558.5293
1004167,Queer,0.05,0.4,0.15,0.3,0.0,0.01,400.0,598.4891
