time,section,Whisky,Elderberry,Vodka,Almdudler,Wine,Lemon Soda,rainbowX,rainbowY
87042,Queer,0.0,11.185075,19.671984,33.23065,0.0,39.418564,340.0,553.6027
150303,Y,20.0,0.0,0.0,80.0,0.0,0.0,240.0,585.9521
