time,section,Whisky,Elderberry,Vodka,Almdudler,Wine,Lemon Soda,rainbowX,rainbowY
22307,Queer,0.05,0.4,0.3,0.3,0.0,0.01,400.0,510.49924
74098,Queer,0.05,0.4,0.3,0.3,0.0,0.01,400.0,519.5734
154495,Queer,0.05671996,0.37701416,0.29555666,0.3270386,0.0,0.009999812,390.0,518.0447
