time,section,Whisky,Elderberry,Vodka,Almdudler,Wine,Lemon Soda,rainbowX,rainbowY
122127,Queer,0.027251482,0.5115387,0.29651183,0.19256741,0.112829566,0.009999931,442.0,510.67087
